CB,Cp,CM,CW,L_B,B_H,Speed_Length_Ratio,Froude_Number,LCB_Final,S_Wetted_Coeff,Alpha_e,L_V_3,Disp_(L/100)*3,Model_Number,stratify_col,Resistance_Coefficient_C
0.6,0.614,0.977,0.7,7.5,2.5,0.35,0.925,-2.48,6.478,6.2,6.165,122.0,4215,4215_0.6,0.681
0.6,0.614,0.977,0.7,7.5,2.5,0.4,1.057,-2.48,6.478,6.2,6.165,122.0,4215,4215_0.6,0.674
0.6,0.614,0.977,0.7,7.5,2.5,0.45,1.189,-2.48,6.478,6.2,6.165,122.0,4215,4215_0.6,0.67
0.6,0.614,0.977,0.7,7.5,2.5,0.5,1.321,-2.48,6.478,6.2,6.165,122.0,4215,4215_0.6,0.675
0.6,0.614,0.977,0.7,7.5,2.5,0.55,1.453,-2.48,6.478,6.2,6.165,122.0,4215,4215_0.6,0.678
0.6,0.614,0.977,0.7,7.5,2.5,0.6,1.585,-2.48,6.478,6.2,6.165,122.0,4215,4215_0.6,0.681
0.6,0.614,0.977,0.7,7.5,2.5,0.625,1.651,-2.48,6.478,6.2,6.165,122.0,4215,4215_0.6,0.684
0.6,0.614,0.977,0.7,7.5,2.5,0.65,1.717,-2.48,6.478,6.2,6.165,122.0,4215,4215_0.6,0.688
0.6,0.614,0.977,0.7,7.5,2.5,0.675,1.783,-2.48,6.478,6.2,6.165,122.0,4215,4215_0.6,0.693
0.6,0.614,0.977,0.7,7.5,2.5,0.7,1.849,-2.48,6.478,6.2,6.165,122.0,4215,4215_0.6,0.696
0.6,0.614,0.977,0.7,7.5,2.5,0.725,1.915,-2.48,6.478,6.2,6.165,122.0,4215,4215_0.6,0.7
0.6,0.614,0.977,0.7,7.5,2.5,0.75,1.981,-2.48,6.478,6.2,6.165,122.0,4215,4215_0.6,0.706
0.6,0.614,0.977,0.7,7.5,2.5,0.775,2.047,-2.48,6.478,6.2,6.165,122.0,4215,4215_0.6,0.713
0.6,0.614,0.977,0.7,7.5,2.5,0.8,2.113,-2.48,6.478,6.2,6.165,122.0,4215,4215_0.6,0.718
0.6,0.614,0.977,0.7,7.5,2.5,0.825,2.179,-2.48,6.478,6.2,6.165,122.0,4215,4215_0.6,0.726
0.6,0.614,0.977,0.7,7.5,2.5,0.85,2.245,-2.48,6.478,6.2,6.165,122.0,4215,4215_0.6,0.738
0.6,0.614,0.977,0.7,7.5,2.5,0.875,2.312,-2.48,6.478,6.2,6.165,122.0,4215,4215_0.6,0.776
0.6,0.614,0.977,0.7,7.5,2.5,0.9,2.378,-2.48,6.478,6.2,6.165,122.0,4215,4215_0.6,0.835
0.6,0.614,0.977,0.7,7.5,2.5,0.925,2.444,-2.48,6.478,6.2,6.165,122.0,4215,4215_0.6,0.906
0.6,0.614,0.977,0.7,7.5,2.5,0.95,2.51,-2.48,6.478,6.2,6.165,122.0,4215,4215_0.6,0.983
0.6,0.614,0.977,0.7,7.5,2.5,0.975,2.576,-2.48,6.478,6.2,6.165,122.0,4215,4215_0.6,1.044
0.6,0.614,0.977,0.7,7.5,2.5,1.0,2.642,-2.48,6.478,6.2,6.165,122.0,4215,4215_0.6,1.077
0.6,0.614,0.977,0.7,7.5,2.5,1.025,2.708,-2.48,6.478,6.2,6.165,122.0,4215,4215_0.6,1.09
0.6,0.614,0.977,0.7,7.5,2.5,1.05,2.774,-2.48,6.478,6.2,6.165,122.0,4215,4215_0.6,1.093
0.6,0.614,0.977,0.7,7.5,2.5,1.075,2.84,-2.48,6.478,6.2,6.165,122.0,4215,4215_0.6,1.09
0.6,0.614,0.977,0.7,7.5,2.5,1.1,2.906,-2.48,6.478,6.2,6.165,122.0,4215,4215_0.6,1.089
0.6,0.614,0.977,0.7,7.5,2.5,1.15,3.038,-2.48,6.478,6.2,6.165,122.0,4215,4215_0.6,1.153
0.6,0.614,0.977,0.7,7.5,2.5,1.2,3.17,-2.48,6.478,6.2,6.165,122.0,4215,4215_0.6,1.341
0.6,0.614,0.977,0.706,7.5,2.5,0.35,0.925,-1.5,6.481,7.0,6.165,122.0,4210,4210_0.6,0.685
0.6,0.614,0.977,0.706,7.5,2.5,0.4,1.057,-1.5,6.481,7.0,6.165,122.0,4210,4210_0.6,0.677
0.6,0.614,0.977,0.706,7.5,2.5,0.45,1.189,-1.5,6.481,7.0,6.165,122.0,4210,4210_0.6,0.676
0.6,0.614,0.977,0.706,7.5,2.5,0.5,1.321,-1.5,6.481,7.0,6.165,122.0,4210,4210_0.6,0.676
0.6,0.614,0.977,0.706,7.5,2.5,0.55,1.453,-1.5,6.481,7.0,6.165,122.0,4210,4210_0.6,0.678
0.6,0.614,0.977,0.706,7.5,2.5,0.6,1.585,-1.5,6.481,7.0,6.165,122.0,4210,4210_0.6,0.681
0.6,0.614,0.977,0.706,7.5,2.5,0.625,1.651,-1.5,6.481,7.0,6.165,122.0,4210,4210_0.6,0.681
0.6,0.614,0.977,0.706,7.5,2.5,0.65,1.717,-1.5,6.481,7.0,6.165,122.0,4210,4210_0.6,0.684
0.6,0.614,0.977,0.706,7.5,2.5,0.675,1.783,-1.5,6.481,7.0,6.165,122.0,4210,4210_0.6,0.689
0.6,0.614,0.977,0.706,7.5,2.5,0.7,1.849,-1.5,6.481,7.0,6.165,122.0,4210,4210_0.6,0.694
0.6,0.614,0.977,0.706,7.5,2.5,0.725,1.915,-1.5,6.481,7.0,6.165,122.0,4210,4210_0.6,0.697
0.6,0.614,0.977,0.706,7.5,2.5,0.75,1.981,-1.5,6.481,7.0,6.165,122.0,4210,4210_0.6,0.697
0.6,0.614,0.977,0.706,7.5,2.5,0.775,2.047,-1.5,6.481,7.0,6.165,122.0,4210,4210_0.6,0.7
0.6,0.614,0.977,0.706,7.5,2.5,0.8,2.113,-1.5,6.481,7.0,6.165,122.0,4210,4210_0.6,0.704
0.6,0.614,0.977,0.706,7.5,2.5,0.825,2.179,-1.5,6.481,7.0,6.165,122.0,4210,4210_0.6,0.708
0.6,0.614,0.977,0.706,7.5,2.5,0.85,2.245,-1.5,6.481,7.0,6.165,122.0,4210,4210_0.6,0.721
0.6,0.614,0.977,0.706,7.5,2.5,0.875,2.312,-1.5,6.481,7.0,6.165,122.0,4210,4210_0.6,0.757
0.6,0.614,0.977,0.706,7.5,2.5,0.9,2.378,-1.5,6.481,7.0,6.165,122.0,4210,4210_0.6,0.825
0.6,0.614,0.977,0.706,7.5,2.5,0.925,2.444,-1.5,6.481,7.0,6.165,122.0,4210,4210_0.6,0.904
0.6,0.614,0.977,0.706,7.5,2.5,0.95,2.51,-1.5,6.481,7.0,6.165,122.0,4210,4210_0.6,0.978
0.6,0.614,0.977,0.706,7.5,2.5,0.975,2.576,-1.5,6.481,7.0,6.165,122.0,4210,4210_0.6,1.042
0.6,0.614,0.977,0.706,7.5,2.5,1.0,2.642,-1.5,6.481,7.0,6.165,122.0,4210,4210_0.6,1.083
0.6,0.614,0.977,0.706,7.5,2.5,1.025,2.708,-1.5,6.481,7.0,6.165,122.0,4210,4210_0.6,1.09
0.6,0.614,0.977,0.706,7.5,2.5,1.05,2.774,-1.5,6.481,7.0,6.165,122.0,4210,4210_0.6,1.103
0.6,0.614,0.977,0.706,7.5,2.5,1.075,2.84,-1.5,6.481,7.0,6.165,122.0,4210,4210_0.6,1.09
0.6,0.614,0.977,0.706,7.5,2.5,1.1,2.906,-1.5,6.481,7.0,6.165,122.0,4210,4210_0.6,1.099
0.6,0.614,0.977,0.706,7.5,2.5,1.15,3.038,-1.5,6.481,7.0,6.165,122.0,4210,4210_0.6,1.17
0.6,0.614,0.977,0.706,7.5,2.5,1.2,3.17,-1.5,6.481,7.0,6.165,122.0,4210,4210_0.6,1.348
0.6,0.614,0.977,0.712,7.5,2.5,0.35,0.925,-0.51,6.504,7.6,6.165,122.0,4216,4216_0.6,0.679
0.6,0.614,0.977,0.712,7.5,2.5,0.4,1.057,-0.51,6.504,7.6,6.165,122.0,4216,4216_0.6,0.675
0.6,0.614,0.977,0.712,7.5,2.5,0.45,1.189,-0.51,6.504,7.6,6.165,122.0,4216,4216_0.6,0.673
0.6,0.614,0.977,0.712,7.5,2.5,0.5,1.321,-0.51,6.504,7.6,6.165,122.0,4216,4216_0.6,0.673
0.6,0.614,0.977,0.712,7.5,2.5,0.55,1.453,-0.51,6.504,7.6,6.165,122.0,4216,4216_0.6,0.677
0.6,0.614,0.977,0.712,7.5,2.5,0.6,1.585,-0.51,6.504,7.6,6.165,122.0,4216,4216_0.6,0.68
0.6,0.614,0.977,0.712,7.5,2.5,0.625,1.651,-0.51,6.504,7.6,6.165,122.0,4216,4216_0.6,0.681
0.6,0.614,0.977,0.712,7.5,2.5,0.65,1.717,-0.51,6.504,7.6,6.165,122.0,4216,4216_0.6,0.684
0.6,0.614,0.977,0.712,7.5,2.5,0.675,1.783,-0.51,6.504,7.6,6.165,122.0,4216,4216_0.6,0.689
0.6,0.614,0.977,0.712,7.5,2.5,0.7,1.849,-0.51,6.504,7.6,6.165,122.0,4216,4216_0.6,0.694
0.6,0.614,0.977,0.712,7.5,2.5,0.725,1.915,-0.51,6.504,7.6,6.165,122.0,4216,4216_0.6,0.697
0.6,0.614,0.977,0.712,7.5,2.5,0.75,1.981,-0.51,6.504,7.6,6.165,122.0,4216,4216_0.6,0.7
0.6,0.614,0.977,0.712,7.5,2.5,0.775,2.047,-0.51,6.504,7.6,6.165,122.0,4216,4216_0.6,0.702
0.6,0.614,0.977,0.712,7.5,2.5,0.8,2.113,-0.51,6.504,7.6,6.165,122.0,4216,4216_0.6,0.706
0.6,0.614,0.977,0.712,7.5,2.5,0.825,2.179,-0.51,6.504,7.6,6.165,122.0,4216,4216_0.6,0.724
0.6,0.614,0.977,0.712,7.5,2.5,0.85,2.245,-0.51,6.504,7.6,6.165,122.0,4216,4216_0.6,0.744
0.6,0.614,0.977,0.712,7.5,2.5,0.875,2.312,-0.51,6.504,7.6,6.165,122.0,4216,4216_0.6,0.778
0.6,0.614,0.977,0.712,7.5,2.5,0.9,2.378,-0.51,6.504,7.6,6.165,122.0,4216,4216_0.6,0.842
0.6,0.614,0.977,0.712,7.5,2.5,0.925,2.444,-0.51,6.504,7.6,6.165,122.0,4216,4216_0.6,0.94
0.6,0.614,0.977,0.712,7.5,2.5,0.95,2.51,-0.51,6.504,7.6,6.165,122.0,4216,4216_0.6,1.024
0.6,0.614,0.977,0.712,7.5,2.5,0.975,2.576,-0.51,6.504,7.6,6.165,122.0,4216,4216_0.6,1.077
0.6,0.614,0.977,0.712,7.5,2.5,1.0,2.642,-0.51,6.504,7.6,6.165,122.0,4216,4216_0.6,1.118
0.6,0.614,0.977,0.712,7.5,2.5,1.025,2.708,-0.51,6.504,7.6,6.165,122.0,4216,4216_0.6,1.135
0.6,0.614,0.977,0.712,7.5,2.5,1.05,2.774,-0.51,6.504,7.6,6.165,122.0,4216,4216_0.6,1.143
0.6,0.614,0.977,0.712,7.5,2.5,1.075,2.84,-0.51,6.504,7.6,6.165,122.0,4216,4216_0.6,1.142
0.6,0.614,0.977,0.712,7.5,2.5,1.1,2.906,-0.51,6.504,7.6,6.165,122.0,4216,4216_0.6,1.143
0.6,0.614,0.977,0.712,7.5,2.5,1.15,3.038,-0.51,6.504,7.6,6.165,122.0,4216,4216_0.6,1.206
0.6,0.614,0.977,0.712,7.5,2.5,1.2,3.17,-0.51,6.504,7.6,6.165,122.0,4216,4216_0.6,1.344
0.6,0.614,0.977,0.715,7.5,2.5,0.35,0.925,0.52,6.527,8.3,6.165,122.0,4217,4217_0.6,0.676
0.6,0.614,0.977,0.715,7.5,2.5,0.4,1.057,0.52,6.527,8.3,6.165,122.0,4217,4217_0.6,0.67
0.6,0.614,0.977,0.715,7.5,2.5,0.45,1.189,0.52,6.527,8.3,6.165,122.0,4217,4217_0.6,0.669
0.6,0.614,0.977,0.715,7.5,2.5,0.5,1.321,0.52,6.527,8.3,6.165,122.0,4217,4217_0.6,0.666
0.6,0.614,0.977,0.715,7.5,2.5,0.55,1.453,0.52,6.527,8.3,6.165,122.0,4217,4217_0.6,0.661
0.6,0.614,0.977,0.715,7.5,2.5,0.6,1.585,0.52,6.527,8.3,6.165,122.0,4217,4217_0.6,0.673
0.6,0.614,0.977,0.715,7.5,2.5,0.625,1.651,0.52,6.527,8.3,6.165,122.0,4217,4217_0.6,0.679
0.6,0.614,0.977,0.715,7.5,2.5,0.65,1.717,0.52,6.527,8.3,6.165,122.0,4217,4217_0.6,0.689
0.6,0.614,0.977,0.715,7.5,2.5,0.675,1.783,0.52,6.527,8.3,6.165,122.0,4217,4217_0.6,0.696
0.6,0.614,0.977,0.715,7.5,2.5,0.7,1.849,0.52,6.527,8.3,6.165,122.0,4217,4217_0.6,0.7
0.6,0.614,0.977,0.715,7.5,2.5,0.725,1.915,0.52,6.527,8.3,6.165,122.0,4217,4217_0.6,0.703
0.6,0.614,0.977,0.715,7.5,2.5,0.75,1.981,0.52,6.527,8.3,6.165,122.0,4217,4217_0.6,0.705
0.6,0.614,0.977,0.715,7.5,2.5,0.775,2.047,0.52,6.527,8.3,6.165,122.0,4217,4217_0.6,0.709
0.6,0.614,0.977,0.715,7.5,2.5,0.8,2.113,0.52,6.527,8.3,6.165,122.0,4217,4217_0.6,0.716
0.6,0.614,0.977,0.715,7.5,2.5,0.825,2.179,0.52,6.527,8.3,6.165,122.0,4217,4217_0.6,0.731
0.6,0.614,0.977,0.715,7.5,2.5,0.85,2.245,0.52,6.527,8.3,6.165,122.0,4217,4217_0.6,0.768
0.6,0.614,0.977,0.715,7.5,2.5,0.875,2.312,0.52,6.527,8.3,6.165,122.0,4217,4217_0.6,0.811
0.6,0.614,0.977,0.715,7.5,2.5,0.9,2.378,0.52,6.527,8.3,6.165,122.0,4217,4217_0.6,0.882
0.6,0.614,0.977,0.715,7.5,2.5,0.925,2.444,0.52,6.527,8.3,6.165,122.0,4217,4217_0.6,0.956
0.6,0.614,0.977,0.715,7.5,2.5,0.95,2.51,0.52,6.527,8.3,6.165,122.0,4217,4217_0.6,1.031
0.6,0.614,0.977,0.715,7.5,2.5,0.975,2.576,0.52,6.527,8.3,6.165,122.0,4217,4217_0.6,1.096
0.6,0.614,0.977,0.715,7.5,2.5,1.0,2.642,0.52,6.527,8.3,6.165,122.0,4217,4217_0.6,1.145
0.6,0.614,0.977,0.715,7.5,2.5,1.025,2.708,0.52,6.527,8.3,6.165,122.0,4217,4217_0.6,1.172
0.6,0.614,0.977,0.715,7.5,2.5,1.05,2.774,0.52,6.527,8.3,6.165,122.0,4217,4217_0.6,1.169
0.6,0.614,0.977,0.715,7.5,2.5,1.075,2.84,0.52,6.527,8.3,6.165,122.0,4217,4217_0.6,1.159
0.6,0.614,0.977,0.715,7.5,2.5,1.1,2.906,0.52,6.527,8.3,6.165,122.0,4217,4217_0.6,1.165
0.6,0.614,0.977,0.715,7.5,2.5,1.15,3.038,0.52,6.527,8.3,6.165,122.0,4217,4217_0.6,1.241
0.6,0.614,0.977,0.715,7.5,2.5,1.2,3.17,0.52,6.527,8.3,6.165,122.0,4217,4217_0.6,1.397
0.65,0.664,0.982,0.749,7.25,2.5,0.25,0.644,-2.46,6.32,7.7,5.86,142.0,4231,4231_0.65,0.726
0.65,0.664,0.982,0.749,7.25,2.5,0.3,0.773,-2.46,6.32,7.7,5.86,142.0,4231,4231_0.65,0.715
0.65,0.664,0.982,0.749,7.25,2.5,0.35,0.902,-2.46,6.32,7.7,5.86,142.0,4231,4231_0.65,0.706
0.65,0.664,0.982,0.749,7.25,2.5,0.4,1.031,-2.46,6.32,7.7,5.86,142.0,4231,4231_0.65,0.699
0.65,0.664,0.982,0.749,7.25,2.5,0.45,1.16,-2.46,6.32,7.7,5.86,142.0,4231,4231_0.65,0.695
0.65,0.664,0.982,0.749,7.25,2.5,0.5,1.289,-2.46,6.32,7.7,5.86,142.0,4231,4231_0.65,0.692
0.65,0.664,0.982,0.749,7.25,2.5,0.55,1.418,-2.46,6.32,7.7,5.86,142.0,4231,4231_0.65,0.692
0.65,0.664,0.982,0.749,7.25,2.5,0.6,1.546,-2.46,6.32,7.7,5.86,142.0,4231,4231_0.65,0.692
0.65,0.664,0.982,0.749,7.25,2.5,0.65,1.675,-2.46,6.32,7.7,5.86,142.0,4231,4231_0.65,0.701
0.65,0.664,0.982,0.749,7.25,2.5,0.675,1.74,-2.46,6.32,7.7,5.86,142.0,4231,4231_0.65,0.714
0.65,0.664,0.982,0.749,7.25,2.5,0.7,1.804,-2.46,6.32,7.7,5.86,142.0,4231,4231_0.65,0.727
0.65,0.664,0.982,0.749,7.25,2.5,0.725,1.869,-2.46,6.32,7.7,5.86,142.0,4231,4231_0.65,0.731
0.65,0.664,0.982,0.749,7.25,2.5,0.75,1.933,-2.46,6.32,7.7,5.86,142.0,4231,4231_0.65,0.732
0.65,0.664,0.982,0.749,7.25,2.5,0.775,1.997,-2.46,6.32,7.7,5.86,142.0,4231,4231_0.65,0.73
0.65,0.664,0.982,0.749,7.25,2.5,0.8,2.062,-2.46,6.32,7.7,5.86,142.0,4231,4231_0.65,0.731
0.65,0.664,0.982,0.749,7.25,2.5,0.825,2.126,-2.46,6.32,7.7,5.86,142.0,4231,4231_0.65,0.737
0.65,0.664,0.982,0.749,7.25,2.5,0.85,2.191,-2.46,6.32,7.7,5.86,142.0,4231,4231_0.65,0.759
0.65,0.664,0.982,0.749,7.25,2.5,0.875,2.255,-2.46,6.32,7.7,5.86,142.0,4231,4231_0.65,0.808
0.65,0.664,0.982,0.749,7.25,2.5,0.9,2.32,-2.46,6.32,7.7,5.86,142.0,4231,4231_0.65,0.906
0.65,0.664,0.982,0.749,7.25,2.5,0.95,2.448,-2.46,6.32,7.7,5.86,142.0,4231,4231_0.65,1.189
0.65,0.664,0.982,0.749,7.25,2.5,1.0,2.577,-2.46,6.32,7.7,5.86,142.0,4231,4231_0.65,1.453
0.65,0.664,0.982,0.749,7.25,2.5,1.05,2.706,-2.46,6.32,7.7,5.86,142.0,4231,4231_0.65,1.552
0.65,0.664,0.982,0.749,7.25,2.5,1.1,2.835,-2.46,6.32,7.7,5.86,142.0,4231,4231_0.65,1.537
0.65,0.664,0.982,0.749,7.25,2.5,1.15,2.964,-2.46,6.32,7.7,5.86,142.0,4231,4231_0.65,1.525
0.65,0.661,0.982,0.744,7.25,2.5,0.25,0.644,-1.54,6.326,8.3,5.869,141.4,4218,4218_0.65,0.691
0.65,0.661,0.982,0.744,7.25,2.5,0.3,0.773,-1.54,6.326,8.3,5.869,141.4,4218,4218_0.65,0.682
0.65,0.661,0.982,0.744,7.25,2.5,0.35,0.902,-1.54,6.326,8.3,5.869,141.4,4218,4218_0.65,0.674
0.65,0.661,0.982,0.744,7.25,2.5,0.4,1.031,-1.54,6.326,8.3,5.869,141.4,4218,4218_0.65,0.667
0.65,0.661,0.982,0.744,7.25,2.5,0.45,1.16,-1.54,6.326,8.3,5.869,141.4,4218,4218_0.65,0.667
0.65,0.661,0.982,0.744,7.25,2.5,0.5,1.289,-1.54,6.326,8.3,5.869,141.4,4218,4218_0.65,0.67
0.65,0.661,0.982,0.744,7.25,2.5,0.55,1.418,-1.54,6.326,8.3,5.869,141.4,4218,4218_0.65,0.674
0.65,0.661,0.982,0.744,7.25,2.5,0.6,1.546,-1.54,6.326,8.3,5.869,141.4,4218,4218_0.65,0.676
0.65,0.661,0.982,0.744,7.25,2.5,0.65,1.675,-1.54,6.326,8.3,5.869,141.4,4218,4218_0.65,0.691
0.65,0.661,0.982,0.744,7.25,2.5,0.675,1.74,-1.54,6.326,8.3,5.869,141.4,4218,4218_0.65,0.699
0.65,0.661,0.982,0.744,7.25,2.5,0.7,1.804,-1.54,6.326,8.3,5.869,141.4,4218,4218_0.65,0.708
0.65,0.661,0.982,0.744,7.25,2.5,0.725,1.869,-1.54,6.326,8.3,5.869,141.4,4218,4218_0.65,0.711
0.65,0.661,0.982,0.744,7.25,2.5,0.75,1.933,-1.54,6.326,8.3,5.869,141.4,4218,4218_0.65,0.715
0.65,0.661,0.982,0.744,7.25,2.5,0.775,1.997,-1.54,6.326,8.3,5.869,141.4,4218,4218_0.65,0.721
0.65,0.661,0.982,0.744,7.25,2.5,0.8,2.062,-1.54,6.326,8.3,5.869,141.4,4218,4218_0.65,0.726
0.65,0.661,0.982,0.744,7.25,2.5,0.825,2.126,-1.54,6.326,8.3,5.869,141.4,4218,4218_0.65,0.734
0.65,0.661,0.982,0.744,7.25,2.5,0.85,2.191,-1.54,6.326,8.3,5.869,141.4,4218,4218_0.65,0.762
0.65,0.661,0.982,0.744,7.25,2.5,0.875,2.255,-1.54,6.326,8.3,5.869,141.4,4218,4218_0.65,0.828
0.65,0.661,0.982,0.744,7.25,2.5,0.9,2.32,-1.54,6.326,8.3,5.869,141.4,4218,4218_0.65,0.957
0.65,0.661,0.982,0.744,7.25,2.5,0.95,2.448,-1.54,6.326,8.3,5.869,141.4,4218,4218_0.65,1.252
0.65,0.661,0.982,0.744,7.25,2.5,1.0,2.577,-1.54,6.326,8.3,5.869,141.4,4218,4218_0.65,1.496
0.65,0.661,0.982,0.744,7.25,2.5,1.05,2.706,-1.54,6.326,8.3,5.869,141.4,4218,4218_0.65,1.59
0.65,0.661,0.982,0.744,7.25,2.5,1.1,2.835,-1.54,6.326,8.3,5.869,141.4,4218,4218_0.65,1.567
0.65,0.661,0.982,0.744,7.25,2.5,1.15,2.964,-1.54,6.326,8.3,5.869,141.4,4218,4218_0.65,1.551
0.65,0.661,0.982,0.75,7.25,2.5,0.25,0.644,0.38,6.328,11.2,5.869,141.4,4219,4219_0.65,0.675
0.65,0.661,0.982,0.75,7.25,2.5,0.3,0.773,0.38,6.328,11.2,5.869,141.4,4219,4219_0.65,0.668
0.65,0.661,0.982,0.75,7.25,2.5,0.35,0.902,0.38,6.328,11.2,5.869,141.4,4219,4219_0.65,0.66
0.65,0.661,0.982,0.75,7.25,2.5,0.4,1.031,0.38,6.328,11.2,5.869,141.4,4219,4219_0.65,0.657
0.65,0.661,0.982,0.75,7.25,2.5,0.45,1.16,0.38,6.328,11.2,5.869,141.4,4219,4219_0.65,0.655
0.65,0.661,0.982,0.75,7.25,2.5,0.5,1.289,0.38,6.328,11.2,5.869,141.4,4219,4219_0.65,0.663
0.65,0.661,0.982,0.75,7.25,2.5,0.55,1.418,0.38,6.328,11.2,5.869,141.4,4219,4219_0.65,0.672
0.65,0.661,0.982,0.75,7.25,2.5,0.6,1.546,0.38,6.328,11.2,5.869,141.4,4219,4219_0.65,0.679
0.65,0.661,0.982,0.75,7.25,2.5,0.65,1.675,0.38,6.328,11.2,5.869,141.4,4219,4219_0.65,0.691
0.65,0.661,0.982,0.75,7.25,2.5,0.675,1.74,0.38,6.328,11.2,5.869,141.4,4219,4219_0.65,0.702
0.65,0.661,0.982,0.75,7.25,2.5,0.7,1.804,0.38,6.328,11.2,5.869,141.4,4219,4219_0.65,0.713
0.65,0.661,0.982,0.75,7.25,2.5,0.725,1.869,0.38,6.328,11.2,5.869,141.4,4219,4219_0.65,0.721
0.65,0.661,0.982,0.75,7.25,2.5,0.75,1.933,0.38,6.328,11.2,5.869,141.4,4219,4219_0.65,0.727
0.65,0.661,0.982,0.75,7.25,2.5,0.775,1.997,0.38,6.328,11.2,5.869,141.4,4219,4219_0.65,0.735
0.65,0.661,0.982,0.75,7.25,2.5,0.8,2.062,0.38,6.328,11.2,5.869,141.4,4219,4219_0.65,0.75
0.65,0.661,0.982,0.75,7.25,2.5,0.825,2.126,0.38,6.328,11.2,5.869,141.4,4219,4219_0.65,0.771
0.65,0.661,0.982,0.75,7.25,2.5,0.85,2.191,0.38,6.328,11.2,5.869,141.4,4219,4219_0.65,0.817
0.65,0.661,0.982,0.75,7.25,2.5,0.875,2.255,0.38,6.328,11.2,5.869,141.4,4219,4219_0.65,0.896
0.65,0.661,0.982,0.75,7.25,2.5,0.9,2.32,0.38,6.328,11.2,5.869,141.4,4219,4219_0.65,1.007
0.65,0.661,0.982,0.75,7.25,2.5,0.95,2.448,0.38,6.328,11.2,5.869,141.4,4219,4219_0.65,1.321
0.65,0.661,0.982,0.75,7.25,2.5,1.0,2.577,0.38,6.328,11.2,5.869,141.4,4219,4219_0.65,1.583
0.65,0.661,0.982,0.75,7.25,2.5,1.05,2.706,0.38,6.328,11.2,5.869,141.4,4219,4219_0.65,1.648
0.65,0.661,0.982,0.75,7.25,2.5,1.1,2.835,0.38,6.328,11.2,5.869,141.4,4219,4219_0.65,1.648
0.65,0.661,0.982,0.75,7.25,2.5,1.15,2.964,0.38,6.328,11.2,5.869,141.4,4219,4219_0.65,1.622
0.65,0.662,0.982,0.754,7.25,2.5,0.25,0.644,1.37,6.347,13.8,5.866,141.5,4220,4220_0.65,0.676
0.65,0.662,0.982,0.754,7.25,2.5,0.3,0.773,1.37,6.347,13.8,5.866,141.5,4220,4220_0.65,0.665
0.65,0.662,0.982,0.754,7.25,2.5,0.35,0.902,1.37,6.347,13.8,5.866,141.5,4220,4220_0.65,0.658
0.65,0.662,0.982,0.754,7.25,2.5,0.4,1.031,1.37,6.347,13.8,5.866,141.5,4220,4220_0.65,0.656
0.65,0.662,0.982,0.754,7.25,2.5,0.45,1.16,1.37,6.347,13.8,5.866,141.5,4220,4220_0.65,0.659
0.65,0.662,0.982,0.754,7.25,2.5,0.5,1.289,1.37,6.347,13.8,5.866,141.5,4220,4220_0.65,0.667
0.65,0.662,0.982,0.754,7.25,2.5,0.55,1.418,1.37,6.347,13.8,5.866,141.5,4220,4220_0.65,0.676
0.65,0.662,0.982,0.754,7.25,2.5,0.6,1.546,1.37,6.347,13.8,5.866,141.5,4220,4220_0.65,0.684
0.65,0.662,0.982,0.754,7.25,2.5,0.65,1.675,1.37,6.347,13.8,5.866,141.5,4220,4220_0.65,0.699
0.65,0.662,0.982,0.754,7.25,2.5,0.675,1.74,1.37,6.347,13.8,5.866,141.5,4220,4220_0.65,0.709
0.65,0.662,0.982,0.754,7.25,2.5,0.7,1.804,1.37,6.347,13.8,5.866,141.5,4220,4220_0.65,0.724
0.65,0.662,0.982,0.754,7.25,2.5,0.725,1.869,1.37,6.347,13.8,5.866,141.5,4220,4220_0.65,0.739
0.65,0.662,0.982,0.754,7.25,2.5,0.75,1.933,1.37,6.347,13.8,5.866,141.5,4220,4220_0.65,0.755
0.65,0.662,0.982,0.754,7.25,2.5,0.775,1.997,1.37,6.347,13.8,5.866,141.5,4220,4220_0.65,0.778
0.65,0.662,0.982,0.754,7.25,2.5,0.8,2.062,1.37,6.347,13.8,5.866,141.5,4220,4220_0.65,0.802
0.65,0.662,0.982,0.754,7.25,2.5,0.825,2.126,1.37,6.347,13.8,5.866,141.5,4220,4220_0.65,0.834
0.65,0.662,0.982,0.754,7.25,2.5,0.85,2.191,1.37,6.347,13.8,5.866,141.5,4220,4220_0.65,0.886
0.65,0.662,0.982,0.754,7.25,2.5,0.875,2.255,1.37,6.347,13.8,5.866,141.5,4220,4220_0.65,0.96
0.65,0.662,0.982,0.754,7.25,2.5,0.9,2.32,1.37,6.347,13.8,5.866,141.5,4220,4220_0.65,1.055
0.65,0.662,0.982,0.754,7.25,2.5,0.95,2.448,1.37,6.347,13.8,5.866,141.5,4220,4220_0.65,1.384
0.65,0.662,0.982,0.754,7.25,2.5,1.0,2.577,1.37,6.347,13.8,5.866,141.5,4220,4220_0.65,1.643
0.65,0.662,0.982,0.754,7.25,2.5,1.05,2.706,1.37,6.347,13.8,5.866,141.5,4220,4220_0.65,1.717
0.65,0.662,0.982,0.754,7.25,2.5,1.1,2.835,1.37,6.347,13.8,5.866,141.5,4220,4220_0.65,1.692
0.65,0.662,0.982,0.754,7.25,2.5,1.15,2.964,1.37,6.347,13.8,5.866,141.5,4220,4220_0.65,1.748
0.7,0.709,0.986,0.788,7.0,2.5,0.25,0.629,-2.05,6.22,9.3,5.593,163.4,4230,4230_0.7,0.732
0.7,0.709,0.986,0.788,7.0,2.5,0.3,0.755,-2.05,6.22,9.3,5.593,163.4,4230,4230_0.7,0.726
0.7,0.709,0.986,0.788,7.0,2.5,0.35,0.881,-2.05,6.22,9.3,5.593,163.4,4230,4230_0.7,0.721
0.7,0.709,0.986,0.788,7.0,2.5,0.4,1.006,-2.05,6.22,9.3,5.593,163.4,4230,4230_0.7,0.718
0.7,0.709,0.986,0.788,7.0,2.5,0.45,1.132,-2.05,6.22,9.3,5.593,163.4,4230,4230_0.7,0.718
0.7,0.709,0.986,0.788,7.0,2.5,0.5,1.258,-2.05,6.22,9.3,5.593,163.4,4230,4230_0.7,0.7185
0.7,0.709,0.986,0.788,7.0,2.5,0.55,1.384,-2.05,6.22,9.3,5.593,163.4,4230,4230_0.7,0.727
0.7,0.709,0.986,0.788,7.0,2.5,0.6,1.51,-2.05,6.22,9.3,5.593,163.4,4230,4230_0.7,0.735
0.7,0.709,0.986,0.788,7.0,2.5,0.65,1.636,-2.05,6.22,9.3,5.593,163.4,4230,4230_0.7,0.742
0.7,0.709,0.986,0.788,7.0,2.5,0.675,1.698,-2.05,6.22,9.3,5.593,163.4,4230,4230_0.7,0.75
0.7,0.709,0.986,0.788,7.0,2.5,0.7,1.761,-2.05,6.22,9.3,5.593,163.4,4230,4230_0.7,0.756
0.7,0.709,0.986,0.788,7.0,2.5,0.725,1.824,-2.05,6.22,9.3,5.593,163.4,4230,4230_0.7,0.763
0.7,0.709,0.986,0.788,7.0,2.5,0.75,1.887,-2.05,6.22,9.3,5.593,163.4,4230,4230_0.7,0.771
0.7,0.709,0.986,0.788,7.0,2.5,0.775,1.95,-2.05,6.22,9.3,5.593,163.4,4230,4230_0.7,0.785
0.7,0.709,0.986,0.788,7.0,2.5,0.8,2.013,-2.05,6.22,9.3,5.593,163.4,4230,4230_0.7,0.8
0.7,0.709,0.986,0.788,7.0,2.5,0.85,2.139,-2.05,6.22,9.3,5.593,163.4,4230,4230_0.7,0.85
0.7,0.709,0.986,0.788,7.0,2.5,0.9,2.264,-2.05,6.22,9.3,5.593,163.4,4230,4230_0.7,1.044
0.7,0.709,0.986,0.788,7.0,2.5,0.95,2.39,-2.05,6.22,9.3,5.593,163.4,4230,4230_0.7,1.455
0.7,0.709,0.986,0.788,7.0,2.5,1.0,2.516,-2.05,6.22,9.3,5.593,163.4,4230,4230_0.7,1.892
0.7,0.709,0.986,0.788,7.0,2.5,1.05,2.642,-2.05,6.22,9.3,5.593,163.4,4230,4230_0.7,2.151
0.7,0.709,0.986,0.788,7.0,2.5,1.1,2.768,-2.05,6.22,9.3,5.593,163.4,4230,4230_0.7,2.198
0.7,0.709,0.986,0.788,7.0,2.5,1.15,2.894,-2.05,6.22,9.3,5.593,163.4,4230,4230_0.7,2.107
0.7,0.71,0.986,0.787,7.0,2.5,0.25,0.629,-0.55,6.23,11.6,5.593,163.4,4221,4221_0.7,0.702
0.7,0.71,0.986,0.787,7.0,2.5,0.3,0.755,-0.55,6.23,11.6,5.593,163.4,4221,4221_0.7,0.691
0.7,0.71,0.986,0.787,7.0,2.5,0.35,0.881,-0.55,6.23,11.6,5.593,163.4,4221,4221_0.7,0.682
0.7,0.71,0.986,0.787,7.0,2.5,0.4,1.006,-0.55,6.23,11.6,5.593,163.4,4221,4221_0.7,0.677
0.7,0.71,0.986,0.787,7.0,2.5,0.45,1.132,-0.55,6.23,11.6,5.593,163.4,4221,4221_0.7,0.679
0.7,0.71,0.986,0.787,7.0,2.5,0.5,1.258,-0.55,6.23,11.6,5.593,163.4,4221,4221_0.7,0.685
0.7,0.71,0.986,0.787,7.0,2.5,0.55,1.384,-0.55,6.23,11.6,5.593,163.4,4221,4221_0.7,0.693
0.7,0.71,0.986,0.787,7.0,2.5,0.6,1.51,-0.55,6.23,11.6,5.593,163.4,4221,4221_0.7,0.697
0.7,0.71,0.986,0.787,7.0,2.5,0.65,1.636,-0.55,6.23,11.6,5.593,163.4,4221,4221_0.7,0.711
0.7,0.71,0.986,0.787,7.0,2.5,0.675,1.698,-0.55,6.23,11.6,5.593,163.4,4221,4221_0.7,0.718
0.7,0.71,0.986,0.787,7.0,2.5,0.7,1.761,-0.55,6.23,11.6,5.593,163.4,4221,4221_0.7,0.727
0.7,0.71,0.986,0.787,7.0,2.5,0.725,1.824,-0.55,6.23,11.6,5.593,163.4,4221,4221_0.7,0.738
0.7,0.71,0.986,0.787,7.0,2.5,0.75,1.887,-0.55,6.23,11.6,5.593,163.4,4221,4221_0.7,0.756
0.7,0.71,0.986,0.787,7.0,2.5,0.775,1.95,-0.55,6.23,11.6,5.593,163.4,4221,4221_0.7,0.781
0.7,0.71,0.986,0.787,7.0,2.5,0.8,2.013,-0.55,6.23,11.6,5.593,163.4,4221,4221_0.7,0.807
0.7,0.71,0.986,0.787,7.0,2.5,0.85,2.139,-0.55,6.23,11.6,5.593,163.4,4221,4221_0.7,0.867
0.7,0.71,0.986,0.787,7.0,2.5,0.9,2.264,-0.55,6.23,11.6,5.593,163.4,4221,4221_0.7,1.106
0.7,0.71,0.986,0.787,7.0,2.5,0.95,2.39,-0.55,6.23,11.6,5.593,163.4,4221,4221_0.7,1.531
0.7,0.71,0.986,0.787,7.0,2.5,1.0,2.516,-0.55,6.23,11.6,5.593,163.4,4221,4221_0.7,1.985
0.7,0.71,0.986,0.787,7.0,2.5,1.05,2.642,-0.55,6.23,11.6,5.593,163.4,4221,4221_0.7,2.277
0.7,0.71,0.986,0.787,7.0,2.5,1.1,2.768,-0.55,6.23,11.6,5.593,163.4,4221,4221_0.7,2.31
0.7,0.71,0.986,0.787,7.0,2.5,1.15,2.894,-0.55,6.23,11.6,5.593,163.4,4221,4221_0.7,2.264
0.7,0.71,0.986,0.785,7.0,2.5,0.25,0.629,0.5,6.2,14.5,5.593,163.4,4212,4212_0.7,0.715
0.7,0.71,0.986,0.785,7.0,2.5,0.3,0.755,0.5,6.2,14.5,5.593,163.4,4212,4212_0.7,0.704
0.7,0.71,0.986,0.785,7.0,2.5,0.35,0.881,0.5,6.2,14.5,5.593,163.4,4212,4212_0.7,0.695
0.7,0.71,0.986,0.785,7.0,2.5,0.4,1.006,0.5,6.2,14.5,5.593,163.4,4212,4212_0.7,0.69
0.7,0.71,0.986,0.785,7.0,2.5,0.45,1.132,0.5,6.2,14.5,5.593,163.4,4212,4212_0.7,0.69
0.7,0.71,0.986,0.785,7.0,2.5,0.5,1.258,0.5,6.2,14.5,5.593,163.4,4212,4212_0.7,0.69
0.7,0.71,0.986,0.785,7.0,2.5,0.55,1.384,0.5,6.2,14.5,5.593,163.4,4212,4212_0.7,0.69
0.7,0.71,0.986,0.785,7.0,2.5,0.6,1.51,0.5,6.2,14.5,5.593,163.4,4212,4212_0.7,0.708
0.7,0.71,0.986,0.785,7.0,2.5,0.65,1.636,0.5,6.2,14.5,5.593,163.4,4212,4212_0.7,0.718
0.7,0.71,0.986,0.785,7.0,2.5,0.675,1.698,0.5,6.2,14.5,5.593,163.4,4212,4212_0.7,0.722
0.7,0.71,0.986,0.785,7.0,2.5,0.7,1.761,0.5,6.2,14.5,5.593,163.4,4212,4212_0.7,0.73
0.7,0.71,0.986,0.785,7.0,2.5,0.725,1.824,0.5,6.2,14.5,5.593,163.4,4212,4212_0.7,0.75
0.7,0.71,0.986,0.785,7.0,2.5,0.75,1.887,0.5,6.2,14.5,5.593,163.4,4212,4212_0.7,0.779
0.7,0.71,0.986,0.785,7.0,2.5,0.775,1.95,0.5,6.2,14.5,5.593,163.4,4212,4212_0.7,0.818
0.7,0.71,0.986,0.785,7.0,2.5,0.8,2.013,0.5,6.2,14.5,5.593,163.4,4212,4212_0.7,0.851
0.7,0.71,0.986,0.785,7.0,2.5,0.85,2.139,0.5,6.2,14.5,5.593,163.4,4212,4212_0.7,0.916
0.7,0.71,0.986,0.785,7.0,2.5,0.9,2.264,0.5,6.2,14.5,5.593,163.4,4212,4212_0.7,1.149
0.7,0.71,0.986,0.785,7.0,2.5,0.95,2.39,0.5,6.2,14.5,5.593,163.4,4212,4212_0.7,1.63
0.7,0.71,0.986,0.785,7.0,2.5,1.0,2.516,0.5,6.2,14.5,5.593,163.4,4212,4212_0.7,2.139
0.7,0.71,0.986,0.785,7.0,2.5,1.05,2.642,0.5,6.2,14.5,5.593,163.4,4212,4212_0.7,2.449
0.7,0.71,0.986,0.785,7.0,2.5,1.1,2.768,0.5,6.2,14.5,5.593,163.4,4212,4212_0.7,2.481
0.7,0.71,0.986,0.785,7.0,2.5,1.15,2.894,0.5,6.2,14.5,5.593,163.4,4212,4212_0.7,2.369
0.7,0.71,0.986,0.785,7.0,2.5,1.2,3.019,0.5,6.2,14.5,5.593,163.4,4212,4212_0.7,2.302
0.7,0.71,0.986,0.79,7.0,2.5,0.25,0.629,1.54,6.224,17.1,5.593,163.4,4222,4222_0.7,0.7
0.7,0.71,0.986,0.79,7.0,2.5,0.3,0.755,1.54,6.224,17.1,5.593,163.4,4222,4222_0.7,0.688
0.7,0.71,0.986,0.79,7.0,2.5,0.35,0.881,1.54,6.224,17.1,5.593,163.4,4222,4222_0.7,0.678
0.7,0.71,0.986,0.79,7.0,2.5,0.4,1.006,1.54,6.224,17.1,5.593,163.4,4222,4222_0.7,0.673
0.7,0.71,0.986,0.79,7.0,2.5,0.45,1.132,1.54,6.224,17.1,5.593,163.4,4222,4222_0.7,0.68
0.7,0.71,0.986,0.79,7.0,2.5,0.5,1.258,1.54,6.224,17.1,5.593,163.4,4222,4222_0.7,0.682
0.7,0.71,0.986,0.79,7.0,2.5,0.55,1.384,1.54,6.224,17.1,5.593,163.4,4222,4222_0.7,0.683
0.7,0.71,0.986,0.79,7.0,2.5,0.6,1.51,1.54,6.224,17.1,5.593,163.4,4222,4222_0.7,0.703
0.7,0.71,0.986,0.79,7.0,2.5,0.65,1.636,1.54,6.224,17.1,5.593,163.4,4222,4222_0.7,0.721
0.7,0.71,0.986,0.79,7.0,2.5,0.675,1.698,1.54,6.224,17.1,5.593,163.4,4222,4222_0.7,0.729
0.7,0.71,0.986,0.79,7.0,2.5,0.7,1.761,1.54,6.224,17.1,5.593,163.4,4222,4222_0.7,0.744
0.7,0.71,0.986,0.79,7.0,2.5,0.725,1.824,1.54,6.224,17.1,5.593,163.4,4222,4222_0.7,0.766
0.7,0.71,0.986,0.79,7.0,2.5,0.75,1.887,1.54,6.224,17.1,5.593,163.4,4222,4222_0.7,0.802
0.7,0.71,0.986,0.79,7.0,2.5,0.775,1.95,1.54,6.224,17.1,5.593,163.4,4222,4222_0.7,0.855
0.7,0.71,0.986,0.79,7.0,2.5,0.8,2.013,1.54,6.224,17.1,5.593,163.4,4222,4222_0.7,0.904
0.7,0.71,0.986,0.79,7.0,2.5,0.85,2.139,1.54,6.224,17.1,5.593,163.4,4222,4222_0.7,0.997
0.7,0.71,0.986,0.79,7.0,2.5,0.9,2.264,1.54,6.224,17.1,5.593,163.4,4222,4222_0.7,1.277
0.7,0.71,0.986,0.79,7.0,2.5,0.95,2.39,1.54,6.224,17.1,5.593,163.4,4222,4222_0.7,1.726
0.7,0.71,0.986,0.79,7.0,2.5,1.0,2.516,1.54,6.224,17.1,5.593,163.4,4222,4222_0.7,2.202
0.7,0.71,0.986,0.79,7.0,2.5,1.05,2.642,1.54,6.224,17.1,5.593,163.4,4222,4222_0.7,2.533
0.7,0.71,0.986,0.79,7.0,2.5,1.1,2.768,1.54,6.224,17.1,5.593,163.4,4222,4222_0.7,2.616
0.7,0.71,0.986,0.79,7.0,2.5,1.15,2.894,1.54,6.224,17.1,5.593,163.4,4222,4222_0.7,2.516
0.7,0.71,0.986,0.795,7.0,2.5,0.25,0.629,2.55,6.224,20.0,5.593,163.4,4223,4223_0.7,0.682
0.7,0.71,0.986,0.795,7.0,2.5,0.3,0.755,2.55,6.224,20.0,5.593,163.4,4223,4223_0.7,0.672
0.7,0.71,0.986,0.795,7.0,2.5,0.35,0.881,2.55,6.224,20.0,5.593,163.4,4223,4223_0.7,0.666
0.7,0.71,0.986,0.795,7.0,2.5,0.4,1.006,2.55,6.224,20.0,5.593,163.4,4223,4223_0.7,0.664
0.7,0.71,0.986,0.795,7.0,2.5,0.45,1.132,2.55,6.224,20.0,5.593,163.4,4223,4223_0.7,0.668
0.7,0.71,0.986,0.795,7.0,2.5,0.5,1.258,2.55,6.224,20.0,5.593,163.4,4223,4223_0.7,0.674
0.7,0.71,0.986,0.795,7.0,2.5,0.55,1.384,2.55,6.224,20.0,5.593,163.4,4223,4223_0.7,0.684
0.7,0.71,0.986,0.795,7.0,2.5,0.6,1.51,2.55,6.224,20.0,5.593,163.4,4223,4223_0.7,0.7
0.7,0.71,0.986,0.795,7.0,2.5,0.65,1.636,2.55,6.224,20.0,5.593,163.4,4223,4223_0.7,0.73
0.7,0.71,0.986,0.795,7.0,2.5,0.675,1.698,2.55,6.224,20.0,5.593,163.4,4223,4223_0.7,0.754
0.7,0.71,0.986,0.795,7.0,2.5,0.7,1.761,2.55,6.224,20.0,5.593,163.4,4223,4223_0.7,0.781
0.7,0.71,0.986,0.795,7.0,2.5,0.725,1.824,2.55,6.224,20.0,5.593,163.4,4223,4223_0.7,0.811
0.7,0.71,0.986,0.795,7.0,2.5,0.75,1.887,2.55,6.224,20.0,5.593,163.4,4223,4223_0.7,0.854
0.7,0.71,0.986,0.795,7.0,2.5,0.775,1.95,2.55,6.224,20.0,5.593,163.4,4223,4223_0.7,0.918
0.7,0.71,0.986,0.795,7.0,2.5,0.8,2.013,2.55,6.224,20.0,5.593,163.4,4223,4223_0.7,0.993
0.7,0.71,0.986,0.795,7.0,2.5,0.85,2.139,2.55,6.224,20.0,5.593,163.4,4223,4223_0.7,1.159
0.7,0.71,0.986,0.795,7.0,2.5,0.9,2.264,2.55,6.224,20.0,5.593,163.4,4223,4223_0.7,1.4
0.7,0.71,0.986,0.795,7.0,2.5,0.95,2.39,2.55,6.224,20.0,5.593,163.4,4223,4223_0.7,4.859
0.7,0.71,0.986,0.795,7.0,2.5,1.0,2.516,2.55,6.224,20.0,5.593,163.4,4223,4223_0.7,2.386
0.7,0.71,0.986,0.795,7.0,2.5,1.05,2.642,2.55,6.224,20.0,5.593,163.4,4223,4223_0.7,2.762
0.7,0.71,0.986,0.795,7.0,2.5,1.1,2.768,2.55,6.224,20.0,5.593,163.4,4223,4223_0.7,2.828
0.7,0.71,0.986,0.795,7.0,2.5,1.15,2.894,2.55,6.224,20.0,5.593,163.4,4223,4223_0.7,2.728
0.75,0.758,0.99,0.828,6.75,2.5,0.35,0.86,0.48,6.104,18.9,5.335,188.2,4224,4224_0.75,0.716
0.75,0.758,0.99,0.828,6.75,2.5,0.4,0.983,0.48,6.104,18.9,5.335,188.2,4224,4224_0.75,0.716
0.75,0.758,0.99,0.828,6.75,2.5,0.45,1.106,0.48,6.104,18.9,5.335,188.2,4224,4224_0.75,0.715
0.75,0.758,0.99,0.828,6.75,2.5,0.5,1.229,0.48,6.104,18.9,5.335,188.2,4224,4224_0.75,0.722
0.75,0.758,0.99,0.828,6.75,2.5,0.55,1.352,0.48,6.104,18.9,5.335,188.2,4224,4224_0.75,0.732
0.75,0.758,0.99,0.828,6.75,2.5,0.6,1.474,0.48,6.104,18.9,5.335,188.2,4224,4224_0.75,0.753
0.75,0.758,0.99,0.828,6.75,2.5,0.65,1.597,0.48,6.104,18.9,5.335,188.2,4224,4224_0.75,0.774
0.75,0.758,0.99,0.828,6.75,2.5,0.675,1.659,0.48,6.104,18.9,5.335,188.2,4224,4224_0.75,0.786
0.75,0.758,0.99,0.828,6.75,2.5,0.7,1.72,0.48,6.104,18.9,5.335,188.2,4224,4224_0.75,0.806
0.75,0.758,0.99,0.828,6.75,2.5,0.725,1.782,0.48,6.104,18.9,5.335,188.2,4224,4224_0.75,0.841
0.75,0.758,0.99,0.828,6.75,2.5,0.75,1.843,0.48,6.104,18.9,5.335,188.2,4224,4224_0.75,0.902
0.75,0.758,0.99,0.828,6.75,2.5,0.775,1.904,0.48,6.104,18.9,5.335,188.2,4224,4224_0.75,0.998
0.75,0.758,0.99,0.828,6.75,2.5,0.8,1.966,0.48,6.104,18.9,5.335,188.2,4224,4224_0.75,1.087
0.75,0.758,0.99,0.828,6.75,2.5,0.825,2.027,0.48,6.104,18.9,5.335,188.2,4224,4224_0.75,1.156
0.75,0.758,0.99,0.828,6.75,2.5,0.85,2.089,0.48,6.104,18.9,5.335,188.2,4224,4224_0.75,1.201
0.75,0.758,0.99,0.828,6.75,2.5,0.875,2.15,0.48,6.104,18.9,5.335,188.2,4224,4224_0.75,1.267
0.75,0.758,0.99,0.828,6.75,2.5,0.9,2.212,0.48,6.104,18.9,5.335,188.2,4224,4224_0.75,1.396
0.75,0.758,0.99,0.83,6.75,2.5,0.35,0.86,2.57,6.094,27.4,5.335,188.2,4225,4225_0.75,0.702
0.75,0.758,0.99,0.83,6.75,2.5,0.4,0.983,2.57,6.094,27.4,5.335,188.2,4225,4225_0.75,0.698
0.75,0.758,0.99,0.83,6.75,2.5,0.45,1.106,2.57,6.094,27.4,5.335,188.2,4225,4225_0.75,0.698
0.75,0.758,0.99,0.83,6.75,2.5,0.5,1.229,2.57,6.094,27.4,5.335,188.2,4225,4225_0.75,0.701
0.75,0.758,0.99,0.83,6.75,2.5,0.55,1.352,2.57,6.094,27.4,5.335,188.2,4225,4225_0.75,0.713
0.75,0.758,0.99,0.83,6.75,2.5,0.6,1.474,2.57,6.094,27.4,5.335,188.2,4225,4225_0.75,0.704
0.75,0.758,0.99,0.83,6.75,2.5,0.65,1.597,2.57,6.094,27.4,5.335,188.2,4225,4225_0.75,0.765
0.75,0.758,0.99,0.83,6.75,2.5,0.675,1.659,2.57,6.094,27.4,5.335,188.2,4225,4225_0.75,0.782
0.75,0.758,0.99,0.83,6.75,2.5,0.7,1.72,2.57,6.094,27.4,5.335,188.2,4225,4225_0.75,0.815
0.75,0.758,0.99,0.83,6.75,2.5,0.725,1.782,2.57,6.094,27.4,5.335,188.2,4225,4225_0.75,0.923
0.75,0.758,0.99,0.83,6.75,2.5,0.75,1.843,2.57,6.094,27.4,5.335,188.2,4225,4225_0.75,1.008
0.75,0.758,0.99,0.83,6.75,2.5,0.775,1.904,2.57,6.094,27.4,5.335,188.2,4225,4225_0.75,1.124
0.75,0.758,0.99,0.83,6.75,2.5,0.8,1.966,2.57,6.094,27.4,5.335,188.2,4225,4225_0.75,1.236
0.75,0.758,0.99,0.83,6.75,2.5,0.825,2.027,2.57,6.094,27.4,5.335,188.2,4225,4225_0.75,1.311
0.75,0.758,0.99,0.83,6.75,2.5,0.85,2.089,2.57,6.094,27.4,5.335,188.2,4225,4225_0.75,1.374
0.75,0.758,0.99,0.83,6.75,2.5,0.875,2.15,2.57,6.094,27.4,5.335,188.2,4225,4225_0.75,1.45
0.75,0.758,0.99,0.83,6.75,2.5,0.9,2.212,2.57,6.094,27.4,5.335,188.2,4225,4225_0.75,1.573
0.75,0.757,0.99,0.834,6.75,2.5,0.35,0.86,3.46,6.098,33.8,5.337,188.1,4226,4226_0.75,0.704
0.75,0.757,0.99,0.834,6.75,2.5,0.4,0.983,3.46,6.098,33.8,5.337,188.1,4226,4226_0.75,0.696
0.75,0.757,0.99,0.834,6.75,2.5,0.45,1.106,3.46,6.098,33.8,5.337,188.1,4226,4226_0.75,0.69
0.75,0.757,0.99,0.834,6.75,2.5,0.5,1.229,3.46,6.098,33.8,5.337,188.1,4226,4226_0.75,0.686
0.75,0.757,0.99,0.834,6.75,2.5,0.55,1.352,3.46,6.098,33.8,5.337,188.1,4226,4226_0.75,0.699
0.75,0.757,0.99,0.834,6.75,2.5,0.6,1.474,3.46,6.098,33.8,5.337,188.1,4226,4226_0.75,0.724
0.75,0.757,0.99,0.834,6.75,2.5,0.65,1.597,3.46,6.098,33.8,5.337,188.1,4226,4226_0.75,0.78
0.75,0.757,0.99,0.834,6.75,2.5,0.675,1.659,3.46,6.098,33.8,5.337,188.1,4226,4226_0.75,0.838
0.75,0.757,0.99,0.834,6.75,2.5,0.7,1.72,3.46,6.098,33.8,5.337,188.1,4226,4226_0.75,0.91
0.75,0.757,0.99,0.834,6.75,2.5,0.725,1.782,3.46,6.098,33.8,5.337,188.1,4226,4226_0.75,0.984
0.75,0.757,0.99,0.834,6.75,2.5,0.75,1.843,3.46,6.098,33.8,5.337,188.1,4226,4226_0.75,1.074
0.75,0.757,0.99,0.834,6.75,2.5,0.775,1.904,3.46,6.098,33.8,5.337,188.1,4226,4226_0.75,1.173
0.75,0.757,0.99,0.834,6.75,2.5,0.8,1.966,3.46,6.098,33.8,5.337,188.1,4226,4226_0.75,1.276
0.75,0.757,0.99,0.834,6.75,2.5,0.825,2.027,3.46,6.098,33.8,5.337,188.1,4226,4226_0.75,1.383
0.75,0.757,0.99,0.834,6.75,2.5,0.85,2.089,3.46,6.098,33.8,5.337,188.1,4226,4226_0.75,1.492
0.75,0.757,0.99,0.834,6.75,2.5,0.875,2.15,3.46,6.098,33.8,5.337,188.1,4226,4226_0.75,1.586
0.75,0.757,0.99,0.834,6.75,2.5,0.9,2.212,3.46,6.098,33.8,5.337,188.1,4226,4226_0.75,1.697
0.8,0.805,0.994,0.869,6.5,2.5,0.25,0.6,0.76,6.011,26.6,5.092,216.5,4227,4227_0.8,0.831
0.8,0.805,0.994,0.869,6.5,2.5,0.3,0.72,0.76,6.011,26.6,5.092,216.5,4227,4227_0.8,0.826
0.8,0.805,0.994,0.869,6.5,2.5,0.35,0.84,0.76,6.011,26.6,5.092,216.5,4227,4227_0.8,0.822
0.8,0.805,0.994,0.869,6.5,2.5,0.4,0.96,0.76,6.011,26.6,5.092,216.5,4227,4227_0.8,0.822
0.8,0.805,0.994,0.869,6.5,2.5,0.45,1.08,0.76,6.011,26.6,5.092,216.5,4227,4227_0.8,0.824
0.8,0.805,0.994,0.869,6.5,2.5,0.5,1.2,0.76,6.011,26.6,5.092,216.5,4227,4227_0.8,0.832
0.8,0.805,0.994,0.869,6.5,2.5,0.55,1.32,0.76,6.011,26.6,5.092,216.5,4227,4227_0.8,0.845
0.8,0.805,0.994,0.869,6.5,2.5,0.575,1.38,0.76,6.011,26.6,5.092,216.5,4227,4227_0.8,0.853
0.8,0.805,0.994,0.869,6.5,2.5,0.6,1.44,0.76,6.011,26.6,5.092,216.5,4227,4227_0.8,0.866
0.8,0.805,0.994,0.869,6.5,2.5,0.625,1.5,0.76,6.011,26.6,5.092,216.5,4227,4227_0.8,0.881
0.8,0.805,0.994,0.869,6.5,2.5,0.65,1.561,0.76,6.011,26.6,5.092,216.5,4227,4227_0.8,0.906
0.8,0.805,0.994,0.869,6.5,2.5,0.675,1.621,0.76,6.011,26.6,5.092,216.5,4227,4227_0.8,0.944
0.8,0.805,0.994,0.869,6.5,2.5,0.7,1.681,0.76,6.011,26.6,5.092,216.5,4227,4227_0.8,1.0
0.8,0.805,0.994,0.869,6.5,2.5,0.725,1.741,0.76,6.011,26.6,5.092,216.5,4227,4227_0.8,1.068
0.8,0.805,0.994,0.869,6.5,2.5,0.75,1.801,0.76,6.011,26.6,5.092,216.5,4227,4227_0.8,1.159
0.8,0.805,0.994,0.869,6.5,2.5,0.775,1.861,0.76,6.011,26.6,5.092,216.5,4227,4227_0.8,1.311
0.8,0.805,0.994,0.869,6.5,2.5,0.8,1.921,0.76,6.011,26.6,5.092,216.5,4227,4227_0.8,1.53
0.8,0.805,0.994,0.869,6.5,2.5,0.85,2.041,0.76,6.011,26.6,5.092,216.5,4227,4227_0.8,1.729
0.8,0.805,0.994,0.87,6.5,2.5,0.25,0.6,1.45,6.02,32.5,5.092,216.5,4228,4228_0.8,0.766
0.8,0.805,0.994,0.87,6.5,2.5,0.3,0.72,1.45,6.02,32.5,5.092,216.5,4228,4228_0.8,0.76
0.8,0.805,0.994,0.87,6.5,2.5,0.35,0.84,1.45,6.02,32.5,5.092,216.5,4228,4228_0.8,0.754
0.8,0.805,0.994,0.87,6.5,2.5,0.4,0.96,1.45,6.02,32.5,5.092,216.5,4228,4228_0.8,0.751
0.8,0.805,0.994,0.87,6.5,2.5,0.45,1.08,1.45,6.02,32.5,5.092,216.5,4228,4228_0.8,0.75
0.8,0.805,0.994,0.87,6.5,2.5,0.5,1.2,1.45,6.02,32.5,5.092,216.5,4228,4228_0.8,0.754
0.8,0.805,0.994,0.87,6.5,2.5,0.55,1.32,1.45,6.02,32.5,5.092,216.5,4228,4228_0.8,0.766
0.8,0.805,0.994,0.87,6.5,2.5,0.575,1.38,1.45,6.02,32.5,5.092,216.5,4228,4228_0.8,0.776
0.8,0.805,0.994,0.87,6.5,2.5,0.6,1.44,1.45,6.02,32.5,5.092,216.5,4228,4228_0.8,0.792
0.8,0.805,0.994,0.87,6.5,2.5,0.625,1.5,1.45,6.02,32.5,5.092,216.5,4228,4228_0.8,0.817
0.8,0.805,0.994,0.87,6.5,2.5,0.65,1.561,1.45,6.02,32.5,5.092,216.5,4228,4228_0.8,0.855
0.8,0.805,0.994,0.87,6.5,2.5,0.675,1.621,1.45,6.02,32.5,5.092,216.5,4228,4228_0.8,0.904
0.8,0.805,0.994,0.87,6.5,2.5,0.7,1.681,1.45,6.02,32.5,5.092,216.5,4228,4228_0.8,0.962
0.8,0.805,0.994,0.87,6.5,2.5,0.725,1.741,1.45,6.02,32.5,5.092,216.5,4228,4228_0.8,1.036
0.8,0.805,0.994,0.87,6.5,2.5,0.75,1.801,1.45,6.02,32.5,5.092,216.5,4228,4228_0.8,1.145
0.8,0.805,0.994,0.87,6.5,2.5,0.775,1.861,1.45,6.02,32.5,5.092,216.5,4228,4228_0.8,1.292
0.8,0.805,0.994,0.87,6.5,2.5,0.8,1.921,1.45,6.02,32.5,5.092,216.5,4228,4228_0.8,1.459
0.8,0.805,0.994,0.87,6.5,2.5,0.85,2.041,1.45,6.02,32.5,5.092,216.5,4228,4228_0.8,1.795
0.8,0.805,0.994,0.871,6.5,2.5,0.25,0.6,2.5,6.028,43.0,5.092,216.5,4214,4214_0.8,0.739
0.8,0.805,0.994,0.871,6.5,2.5,0.3,0.72,2.5,6.028,43.0,5.092,216.5,4214,4214_0.8,0.73
0.8,0.805,0.994,0.871,6.5,2.5,0.35,0.84,2.5,6.028,43.0,5.092,216.5,4214,4214_0.8,0.724
0.8,0.805,0.994,0.871,6.5,2.5,0.4,0.96,2.5,6.028,43.0,5.092,216.5,4214,4214_0.8,0.72
0.8,0.805,0.994,0.871,6.5,2.5,0.45,1.08,2.5,6.028,43.0,5.092,216.5,4214,4214_0.8,0.72
0.8,0.805,0.994,0.871,6.5,2.5,0.5,1.2,2.5,6.028,43.0,5.092,216.5,4214,4214_0.8,0.724
0.8,0.805,0.994,0.871,6.5,2.5,0.55,1.32,2.5,6.028,43.0,5.092,216.5,4214,4214_0.8,0.736
0.8,0.805,0.994,0.871,6.5,2.5,0.575,1.38,2.5,6.028,43.0,5.092,216.5,4214,4214_0.8,0.75
0.8,0.805,0.994,0.871,6.5,2.5,0.6,1.44,2.5,6.028,43.0,5.092,216.5,4214,4214_0.8,0.779
0.8,0.805,0.994,0.871,6.5,2.5,0.625,1.5,2.5,6.028,43.0,5.092,216.5,4214,4214_0.8,0.815
0.8,0.805,0.994,0.871,6.5,2.5,0.65,1.561,2.5,6.028,43.0,5.092,216.5,4214,4214_0.8,0.863
0.8,0.805,0.994,0.871,6.5,2.5,0.675,1.621,2.5,6.028,43.0,5.092,216.5,4214,4214_0.8,0.928
0.8,0.805,0.994,0.871,6.5,2.5,0.7,1.681,2.5,6.028,43.0,5.092,216.5,4214,4214_0.8,1.013
0.8,0.805,0.994,0.871,6.5,2.5,0.725,1.741,2.5,6.028,43.0,5.092,216.5,4214,4214_0.8,1.101
0.8,0.805,0.994,0.871,6.5,2.5,0.75,1.801,2.5,6.028,43.0,5.092,216.5,4214,4214_0.8,1.203
0.8,0.805,0.994,0.871,6.5,2.5,0.775,1.861,2.5,6.028,43.0,5.092,216.5,4214,4214_0.8,1.36
0.8,0.805,0.994,0.871,6.5,2.5,0.8,1.921,2.5,6.028,43.0,5.092,216.5,4214,4214_0.8,1.572
0.8,0.805,0.994,0.871,6.5,2.5,0.85,2.041,2.5,6.028,43.0,5.092,216.5,4214,4214_0.8,1.858
0.8,0.805,0.994,0.867,6.5,2.5,0.25,0.6,3.51,6.025,52.0,5.092,216.5,4229,4229_0.8,0.743
0.8,0.805,0.994,0.867,6.5,2.5,0.3,0.72,3.51,6.025,52.0,5.092,216.5,4229,4229_0.8,0.734
0.8,0.805,0.994,0.867,6.5,2.5,0.35,0.84,3.51,6.025,52.0,5.092,216.5,4229,4229_0.8,0.725
0.8,0.805,0.994,0.867,6.5,2.5,0.4,0.96,3.51,6.025,52.0,5.092,216.5,4229,4229_0.8,0.719
0.8,0.805,0.994,0.867,6.5,2.5,0.45,1.08,3.51,6.025,52.0,5.092,216.5,4229,4229_0.8,0.725
0.8,0.805,0.994,0.867,6.5,2.5,0.5,1.2,3.51,6.025,52.0,5.092,216.5,4229,4229_0.8,0.735
0.8,0.805,0.994,0.867,6.5,2.5,0.55,1.32,3.51,6.025,52.0,5.092,216.5,4229,4229_0.8,0.756
0.8,0.805,0.994,0.867,6.5,2.5,0.575,1.38,3.51,6.025,52.0,5.092,216.5,4229,4229_0.8,0.783
0.8,0.805,0.994,0.867,6.5,2.5,0.6,1.44,3.51,6.025,52.0,5.092,216.5,4229,4229_0.8,0.827
0.8,0.805,0.994,0.867,6.5,2.5,0.625,1.5,3.51,6.025,52.0,5.092,216.5,4229,4229_0.8,0.887
0.8,0.805,0.994,0.867,6.5,2.5,0.65,1.561,3.51,6.025,52.0,5.092,216.5,4229,4229_0.8,0.958
0.8,0.805,0.994,0.867,6.5,2.5,0.675,1.621,3.51,6.025,52.0,5.092,216.5,4229,4229_0.8,1.033
0.8,0.805,0.994,0.867,6.5,2.5,0.7,1.681,3.51,6.025,52.0,5.092,216.5,4229,4229_0.8,1.111
0.8,0.805,0.994,0.867,6.5,2.5,0.725,1.741,3.51,6.025,52.0,5.092,216.5,4229,4229_0.8,1.211
0.8,0.805,0.994,0.867,6.5,2.5,0.75,1.801,3.51,6.025,52.0,5.092,216.5,4229,4229_0.8,1.374
0.8,0.805,0.994,0.867,6.5,2.5,0.775,1.861,3.51,6.025,52.0,5.092,216.5,4229,4229_0.8,1.582
0.8,0.805,0.994,0.867,6.5,2.5,0.8,1.921,3.51,6.025,52.0,5.092,216.5,4229,4229_0.8,1.774
0.8,0.805,0.994,0.867,6.5,2.5,0.85,2.041,3.51,6.025,52.0,5.092,216.5,4229,4229_0.8,2.1
